POSTAVCHIK,ВалютаВзаиморасчетов,POSTAV_SPEKA,POSTAV_OTGRUZKA,POSTAV_OPLATA,POSTAV_OSTATOK,Номер,ДатаНачалаДействия,ДатаОкончанияДействия
"ТОО ""Кортева Агрисаенс Казахстан""",KZT,8333467328.36,9040127630.07,3285627830.08,5754499799.99,005/22-ТК,2022-02-11 00:00:00,2022-12-31 00:00:00
"ТОО ""БАСФ Центральная Азия""",KZT,8102899612,7600875675.23,4244080038.4700003,3356795636.7599993,2022/03,2022-03-31 00:00:00,2022-12-31 00:00:00
"ТОО ""БАСФ Центральная Азия""",KZT,4977066731.96,4784954761.43,2223643920.38,2561310841.05,2020/06,2020-03-24 00:00:00,2021-12-31 00:00:00
"ТОО ""Август-Казахстан""",KZT,2140306000,2950306000,643731274.4,2306574725.6,DST 0-23,2022-04-08 00:00:00,2022-12-31 00:00:00
"ТОО ""БАСФ Центральная Азия""",KZT,2447031870,2357949242.88,787697111.92,1570252130.96,2022/19,2022-04-11 00:00:00,2022-12-31 00:00:00
"ТОО ""ЭфЭмСи Агро Казахстан""",KZT,1879367883.27,1777313477.65,461390453.43,1315923024.22,KZ-2022- 8,2022-01-24 00:00:00,2022-12-31 00:00:00
"ТОО ""БАСФ Центральная Азия""",KZT,3302051511.64,3097810713.52,1837040223.6,1260770489.92,18/02/05 KAS-2019,2019-03-05 00:00:00,2020-01-31 00:00:00
"ТОО ""Байер КАЗ""",KZT,2001265205.72,1964673808.74,830941323.53,1133732485.21,008-2022-STCL,2022-04-12 00:00:00,2022-12-31 00:00:00
"ТОО ""Август-Казахстан""",KZT,1554033240.8,1072133444.95,303563299.22,768570145.73,DST 0-46,2022-04-26 00:00:00,2022-12-31 00:00:00
"ТОО ""Кортева Агрисаенс Казахстан""",KZT,6088175726.6,4866857261.93,4205510882.12,661346379.8100004,007/21-ТК,2021-03-05 00:00:00,2021-12-31 00:00:00
"ТОО ""Август-Казахстан""",KZT,1172346655,886258625,265876497.89,620382127.11,DST 0-47,2022-05-16 00:00:00,2022-12-31 00:00:00
ТОО «Shans Trade Ltd.KZ» (Шанс Трейд Лтд.КЗ),KZT,1230885130,1244141209.5,689966505.21,554174704.29,П-2022-008,2021-12-20 00:00:00,2022-12-31 00:00:00
"ТОО ""Август-Казахстан""",KZT,748958649,748949948,224684598.89,524265349.11,DST 0-19,2022-04-08 00:00:00,2022-12-31 00:00:00
"ТОО ""Оператор Финансовой Поддержки Сельского Хозяйства""",KZT,484872960,484872960,0,484872960,0135/02/05-22(гранд экстра)),2022-05-05 00:00:00,2022-12-31 00:00:00
"ТОО ""Август-Казахстан""",KZT,576820200,576820200,92310843.89,484509356.11,DST 0-58,2022-06-29 00:00:00,2022-12-31 00:00:00
"ТОО ""Август-Казахстан""",KZT,4179157129.15,3864528457.15,3395556809.14,468971648.0100002,DST 0-10,2021-02-15 00:00:00,2021-12-31 00:00:00
"ТОО ""Оператор Финансовой Поддержки Сельского Хозяйства""",KZT,590304000,590304000,162376692.19,427927307.81,Договор №: QA2020-11/1(Эффект),2021-03-01 00:00:00,2021-12-31 00:00:00
"ТОО ""Оператор Финансовой Поддержки Сельского Хозяйства""",KZT,266711640,412381320,0,412381320,0084/02/03-22,2022-03-30 00:00:00,2022-12-31 00:00:00
"ТОО ""Delta Green KZ""",KZT,692458519,739751719,371866151.23,367885567.77,KZ_02/2021,2021-01-25 00:00:00,2021-12-31 00:00:00
"ТОО ""Оператор Финансовой Поддержки Сельского Хозяйства""",KZT,347443200,694886400,349447947.27,345438452.73,QA2020-02/2 - Эффект,2020-05-05 00:00:00,2020-12-31 00:00:00
"ТОО ""Рапуль Казахстан""",KZT,405283900.5,408441343.5,162393206.08,246048137.42,РК-11/2022,2022-01-13 00:00:00,2022-12-31 00:00:00
"ТОО ""Кортева Агрисаенс Казахстан""",KZT,2836377366,3104731003.92,2865379324.59,239351679.32999992,009/20-TK,2020-03-05 00:00:00,2020-12-31 00:00:00
"ТОО ""БАСФ Центральная Азия""",KZT,353623646,314466140.8,97484491.37,216981649.43,2020/21,2020-04-09 00:00:00,2022-12-31 00:00:00
"ТОО ""Кортева Агрисаенс Казахстан""",KZT,647971528.96,647971528.96,469737240.34,178234288.62000006,006DAS/19-TK,2018-12-24 00:00:00,2019-12-15 00:00:00
"ТОО ""Оператор Финансовой Поддержки Сельского Хозяйства""",KZT,262936886,513682825.5,365716022.44,147966803.06,KZ17 delta,2020-04-06 00:00:00,2021-12-31 00:00:00
"ТОО ""Байер КАЗ""",KZT,1446787888.82,1448271554.04,1309182445.93,139089108.1099999,005-2021-STCL,2021-03-17 00:00:00,2021-12-31 00:00:00
"ТОО ""Август-Казахстан""",KZT,2020437922.89,1724937127.46,1599089737.15,125847390.30999994,DST 0-10,2020-03-02 00:00:00,2020-12-31 00:00:00
"ТОО ""Байер КАЗ""",KZT,892152670.86,877068298.92,756455357.45,120612941.46999991,010-2020-STCL,2020-04-07 00:00:00,2020-12-31 00:00:00
"ТОО ""Оператор Финансовой Поддержки Сельского Хозяйства""",KZT,97785600,97785600,0,97785600,QA2021-11(нукер про),2022-03-01 00:00:00,2022-12-31 00:00:00
"ТОО ""Кортева Агрисаенс Казахстан""",KZT,263136000,151805767.68,60722052.77,91083714.91,006/22-TK,2022-02-11 00:00:00,2022-12-31 00:00:00
"ТОО ""Кортева Агрисаенс Казахстан""",KZT,3071588622.29,2076381457.53,1991049818.82,85331638.71000004,008/19-ТК,2019-03-26 00:00:00,2019-12-31 00:00:00
"ТОО ""Байер КАЗ""",KZT,67024332.14,67024332.14,0,67024332.14,005-1-2021-STCL,2021-04-02 00:00:00,2021-12-31 00:00:00
"ТОО ""ЭфЭмСи Агро Казахстан""",KZT,960083277.34,860677303.65,794740615.58,65936688.06999993,KZ-2021-6,2021-03-03 00:00:00,2021-12-31 00:00:00
"ТОО ""Рапуль Казахстан""",KZT,97979409,97718771.94,32743444.76,64975327.17999999,РК-12/2022,2022-01-13 00:00:00,2022-12-31 00:00:00
"ТОО ""Байер КАЗ""",KZT,1013245294,877402430.02,815094031.06,62308398.96000004,002-2019-STPP,2019-03-18 00:00:00,2019-12-31 00:00:00
"ТОО ""ЭталонАгроХим""",KZT,59000000,59000000,,59000000,22-07,2022-02-01 00:00:00,2022-12-31 00:00:00
"ТОО ""Delta Green KZ""",KZT,741178012,580454140,537271046.74,43183093.25999999,KZ_04/2022,2022-03-01 00:00:00,2022-12-31 00:00:00
"ТОО ""Август-Казахстан""",KZT,59000000,59000000,17700000,41300000,DST 0-08,2022-02-22 00:00:00,2022-12-31 00:00:00
"ТОО ""Байер КАЗ""",KZT,2063149459.35,1701068031.05,1660695020.61,40373010.44000006,010-2021-STPP,2021-04-13 00:00:00,2021-12-31 00:00:00
"ТОО ""ЭфЭмСи Агро Казахстан""",KZT,715089921.67,715089923.69,677144390.07,37945533.620000005, KZ-2020-7,2020-03-20 00:00:00,2020-12-31 00:00:00
"ТОО ""Тараз Фортуна""",KZT,191187394.2,288817292.2,252581299.04000002,36235993.15999997,003,2019-02-20 00:00:00,2019-12-31 00:00:00
"ТОО ""Байер КАЗ""",KZT,390727933.48,425833227.68,391662945.42,34170282.25999999,023-2019-STPP,2019-04-26 00:00:00,2019-12-31 00:00:00
ЧАСТНАЯ КОМПАНИЯ KAZSEEDS LIMITED КАЗСИДС ЛИМИТЭД,KZT,62322792,62322792,31161396,31161396,07/22-AA,2022-07-07 00:00:00,2022-12-31 00:00:00
"ТОО ""Байер КАЗ""",KZT,1417901688.71,1469760250.39,1443021235.03,26739015.360000134,001-2020-STPP,2020-03-04 00:00:00,2021-12-31 00:00:00
ТОО KAZAKHSTAN GREEN RESOURCE,KZT,32620000,32620000,9786000,22834000,14,2022-04-27 00:00:00,2022-12-31 00:00:00
ТОО  «OMAS Trading»,KZT,7500000,22100000,199995,21900005,14/05,2019-05-17 00:00:00,2019-12-31 00:00:00
ЧАСТНАЯ КОМПАНИЯ KAZSEEDS LIMITED КАЗСИДС ЛИМИТЭД,KZT,40910949,40685233,20342601.2,20342631.8,01/22-АА/1,2022-01-19 00:00:00,2022-12-31 00:00:00
"ТОО ""Тараз Фортуна""",KZT,143394728,150143008,129857405.31,20285602.689999998,01,2020-02-18 00:00:00,2020-12-31 00:00:00
ТОО «ТАНДЕМ-Агро»,KZT,519439400,531072450,511834287.74,19238162.25999999,1460,2021-11-01 00:00:00,2022-12-31 00:00:00
"ТОО ""Агриматко Юг""",KZT,358893554.8,358527555,340921242.26,17606312.74000001,АЛМ-51,2022-03-25 00:00:00,2022-12-31 00:00:00
"ТОО ""Манай Агро""",KZT,254462000,250371690,236545076.13,13826613.870000005,2125,2021-01-27 00:00:00,2021-12-31 00:00:00
"ТОО ""Тараз Фортуна""",KZT,235428958,186423362.4,172909385.63,13513976.77000001,34,2022-03-30 00:00:00,2022-12-31 00:00:00
LIMAGRAIN EUROPE S.A.S,RUB,18280194.9,22905962.7,10745281.36,12160681.34,KZ-10/2022,2022-02-18 00:00:00,2022-12-31 00:00:00
"ТОО ""Тараз Фортуна""",KZT,90440482.2,90267381.2,79615841.78,10651539.420000002,22,2021-01-20 00:00:00,2021-12-31 00:00:00
ТОО АГРОХИМФОС,KZT,102005000,101042000,91759923.82,9282076.180000007,27-АХФ,2022-04-20 00:00:00,2022-12-31 00:00:00
"Alem Agro Trade"" ТОО",KZT,13134369,18524765,10679450.36,7845314.640000001,KZ_01/2019 (Delta Green),2020-04-29 00:00:00,2020-12-31 00:00:00
LLC Alem Agro KG (ОсОО Алем Агро Кей Джи),KZT,9803849,7324649,0,7324649,0276/20/03-22,2022-03-15 00:00:00,2022-12-31 00:00:00
LLC Alem Agro KG (ОсОО Алем Агро Кей Джи),KZT,6421426,6421426,0,6421426,0608/20/04-22,2022-04-28 00:00:00,2022-12-31 00:00:00
"ТОО ""Тараз Фортуна""",KZT,59393913.1,44752587.5,39503366.76,5249220.740000002,002,2020-02-20 00:00:00,2020-12-31 00:00:00
"ТОО ""ЭфЭмСи Агро Казахстан""",KZT,381534486.69,372428458.21,367283410.55,5145047.659999967,KZ-7,2019-04-16 00:00:00,2019-12-31 00:00:00
"ООО ""Органик Парк""",RUB,9831200,9831200,6926660.44,2904539.5599999996,Оп10/22,2022-03-25 00:00:00,2022-12-31 00:00:00
"ТОО ""Август-Казахстан""",KZT,27618360,27618360,26237442,1380918,DST 0-01/2022,2021-07-23 00:00:00,2021-12-31 00:00:00
"TRUSTCHEM CO., LTD",USD,1175040,1175040,470016,705024,QA2022-04,2022-04-08 00:00:00,2022-12-31 00:00:00
"ТОО ""Август-Казахстан""",KZT,8545176,7553232,6935111.03,618120.9699999997,DST 0-12/2021,2020-11-13 00:00:00,2021-12-31 00:00:00
"TRUSTCHEM CO., LTD",USD,758784,758784,151756.8,607027.2,QA2022-08,2022-08-10 00:00:00,2023-08-10 00:00:00
"ТОО ""БАСФ Центральная Азия""",KZT,367808176,340417913.92,339878294.34,539619.5800000429,2020/21,2020-04-09 00:00:00,2021-12-31 00:00:00
"TRUSTCHEM CO., LTD",USD,725760,725760,290304,435456,QA2022-05,2022-04-28 00:00:00,2022-12-31 00:00:00
"""MAS SEEDS"" TOHUMCULUK SOCIETE A RESPONSQBILITE LIMITEE",EUR,96860,456202.5,96860,359342.5,TK2022,2022-02-03 00:00:00,2022-12-31 00:00:00
"TRUSTCHEM CO., LTD",USD,591552,591552,236620.8,354931.2,QA2022-03/1,2022-03-23 00:00:00,2022-12-31 00:00:00
Valagro S.p.a.,EUR,1145436.04,1145363.32,908767.22,236596.1000000001,24/EF,2022-02-15 00:00:00,2022-12-31 00:00:00
ООО НПЦ Фармбиомед,RUB,4684057,4953686.5,4730204.32,223482.1799999997,016/21EX,2021-01-11 00:00:00,2021-12-31 00:00:00
LLC Alem Agro KG (ОсОО Алем Агро Кей Джи),USD,219000,219000,65700,153300,0002/20/01-22,2022-02-14 00:00:00,2022-12-31 00:00:00
"ООО ""Торговая компания ВНИС""",USD,404318.57,545385.05,404318.57,141066.48000000004,К67,2022-01-13 00:00:00,2022-12-31 00:00:00
Valagro S.p.a.,EUR,134923.88,100315.26,0,100315.26,123/EF,2022-09-27 00:00:00,2023-06-30 00:00:00
Valagro S.p.a.,EUR,500641.46,576329.48,500641.46,75688.01999999996,78/EF,2021-03-30 00:00:00,2021-12-31 00:00:00
Bayer Cropscience Schiweiz  AG,EUR,180400,253770,180400,73370,KZ 01-2022 BCSS,2022-02-11 00:00:00,2022-12-31 00:00:00
"ТОО ""Ер Агро-2008""",KZT,165357600,165360000,165297575.19,62424.810000002384,23-Ш,2021-04-29 00:00:00,2021-12-31 00:00:00
Valagro S.p.a.,EUR,56569.02,113138.04,56569.02,56569.02,415/2020-07,2020-05-18 00:00:00,2020-12-31 00:00:00
"""Monterra LTD"" ТОО",KZT,40014300,40014300,39969724.07,44575.9299999997,MON/2021-16,2022-01-01 00:00:00,2022-12-31 00:00:00
"Agritecno Fertilizantes, S.L.",EUR,47590.4,47590.4,9518.08,38072.32,AT9,2022-05-19 00:00:00,2022-12-31 00:00:00
LLC Alem Agro KG (ОсОО Алем Агро Кей Джи),EUR,110250,110250,77175,33075,0277/20/03/22,2022-07-15 00:00:00,2022-12-31 00:00:00
Bayer Cropscience Schiweiz  AG,EUR,135408,164164,135043.89,29120.109999999986,KZ 02-2021 BCSS,2021-02-17 00:00:00,2021-12-31 00:00:00
KWS SAAT SE& Co.KGaA,EUR,612504,636642,612701.83,23940.170000000042,KZ-01-2022-МA,2022-03-09 00:00:00,2022-12-31 00:00:00
"TRUSTCHEM CO., LTD",USD,28500,28500,5700,22800,QA2021-02/1,2021-03-01 00:00:00,2021-12-31 00:00:00
БрИиГ ТОО,KZT,135310,157310,135310,22000,1,2019-05-16 00:00:00,2019-12-31 00:00:00
"ООО ""Торговая компания ВНИС""",USD,41842.6,41842.6,20920.96,20921.64,К66,2021-03-04 00:00:00,2021-09-30 00:00:00
LLC Alem Agro KG (ОсОО Алем Агро Кей Джи),USD,35418,35418,17709,17709,0007/20/04-22,2022-04-19 00:00:00,2022-12-31 00:00:00
"Agritecno Fertilizantes, S.L.",EUR,232488,232488,220290.99,12197.01000000001,АТ 6,2022-03-07 00:00:00,2022-12-31 00:00:00
KWS SAAT SE& Co.KGaA,EUR,109463,109463,100156.89,9306.11,KZ-02-2021-MA,2021-01-27 00:00:00,2021-12-31 00:00:00
LLC Alem Agro KG (ОсОО Алем Агро Кей Джи),USD,9000,9000,0,9000,0998/20/08-22,2022-08-10 00:00:00,2022-09-30 00:00:00
LLC Alem Agro KG (ОсОО Алем Агро Кей Джи),USD,7200,7200,0,7200,0003/20/03-22,2022-03-11 00:00:00,2022-12-31 00:00:00
Сингента Казахстан,KZT,1569956191.6,1076711518.6000001,1076710495.25,1023.3500001430511,DCP- 12/22,2022-05-05 00:00:00,2022-12-31 00:00:00
"ТОО ""Байер КАЗ""",KZT,702582862.14,699994365.64,699993844.3,521.3400000333786,016-2019-STCL,2019-04-02 00:00:00,2019-12-31 00:00:00
"ТОО ""ХИМ-плюс""",KZT,235200000,84210000,84209832,168,14-19/17,2019-03-29 00:00:00,2019-12-31 00:00:00
"ТОО ""Рапуль Казахстан""",KZT,180606039,180553597,180553482.65,114.34999999403954,РК-15/2020,2020-02-28 00:00:00,2020-12-31 00:00:00
ТОО «ТАНДЕМ-Агро»,KZT,152203000,151486200,151486123.87,76.12999999523163,116,2021-01-22 00:00:00,2021-12-31 00:00:00
"ООО ""Евросем""",USD,42,42,,42,1503-21,2021-03-15 00:00:00,2021-12-31 00:00:00
"ТОО ""Агриматко Юг""",KZT,198156224,198156264,198156224,40,АЛМ-87,2021-03-11 00:00:00,2021-12-31 00:00:00
"ООО ""Саммит Агро""",RUB,46017560,43840000,43839963.04,36.96000000089407,004/22-РК,2022-03-14 00:00:00,2022-12-31 00:00:00
ТОО Агрообъединение «Золотая Нива»,KZT,41962200,24806400,24806374.15,25.850000001490116,15,2019-03-01 00:00:00,2019-12-31 00:00:00
,KZT,50000000,68825870,68825850,20,1/08-19,2019-08-01 00:00:00,2019-12-31 00:00:00
"Alem Agro Trade"" ТОО",KZT,29463935.740000002,1247722.93,1247709.3,13.629999999888241,0038/02/03-20,2020-03-03 00:00:00,2020-12-31 00:00:00
ТОО КазАгро-Вет-Снаб,KZT,37144800,42138000,42137989.74,10.259999997913837,24/KAVS-2022,2022-03-05 00:00:00,2022-12-31 00:00:00
"ТОО ""Агриматко""",KZT,90089574.5,90089582.5,90089574.5,8,КОК-25,2021-03-29 00:00:00,2021-12-31 00:00:00
"ТОО ""КЫЗЫЛЖАР МТС АГРО""",KZT,30000000,23848263,23848260,3,2/08-19,2019-08-13 00:00:00,2019-12-31 00:00:00
ЧАСТНАЯ КОМПАНИЯ KAZSEEDS LIMITED КАЗСИДС ЛИМИТЭД,KZT,7148737,18749229,18749228.44,0.5599999986588955,04/21-АА,2021-04-23 00:00:00,2021-12-31 00:00:00
"ТОО ""Рапуль Казахстан""",KZT,360141353.33,360141353.76,360141353.33,0.4300000071525574,PK-08/2021,2021-01-28 00:00:00,2021-12-31 00:00:00
ООО НПЦ Фармбиомед,RUB,3598055.3200000003,3472055.3200000003,3472055.0300000003,0.2900000000372529,029/20EX,2020-02-19 00:00:00,2020-12-31 00:00:00
LLC Alem Agro KG (ОсОО Алем Агро Кей Джи),EUR,297440,270400,270399.73,0.27000000001862645,0653/20/04-22,2022-05-12 00:00:00,2022-12-31 00:00:00
Valagro S.p.a.,EUR,56569.02,56569.2,56569.02,0.18000000000029104,418/2020-07,2020-05-18 00:00:00,2020-12-31 00:00:00
AGRORESOURCE,EUR,148522.86,148522.87,148522.86,0.010000000009313226,2,2021-12-10 00:00:00,2022-12-31 00:00:00
,KZT,21000000,,0,0,3/8-19,2019-08-27 00:00:00,2019-12-31 00:00:00
"""EXPLANTA"" ТОО",KZT,1783500,1783500,1783500,0,32,2020-02-25 00:00:00,2020-12-31 00:00:00
"""EXPLANTA"" ТОО",KZT,300000,300000,300000,0,527,2019-08-07 00:00:00,2019-12-31 00:00:00
"""EXPLANTA"" ТОО",KZT,48946000,48946000,48946000,0,АЛ/03П-70,2022-04-27 00:00:00,2022-12-31 00:00:00
"""Monterra LTD"" ТОО",KZT,3750000,3750000,3750000,0,MON/2019-12,2019-04-11 00:00:00,2019-12-31 00:00:00
"""Monterra LTD"" ТОО",KZT,25300000,25300000,25300000,0,MON/2020-15,2020-06-18 00:00:00,2020-12-31 00:00:00
"""Monterra LTD"" ТОО",KZT,20400000,20400000,20400000,0,MON/2021-03,2021-02-18 00:00:00,2021-12-31 00:00:00
"""Monterra LTD"" ТОО",KZT,41370000,41370000,41370000,0,MON/2021-14,2021-06-30 00:00:00,2021-12-31 00:00:00
"""Борогум"" ООО",RUB,1820740,1820740,1820740,0,108 Б,2022-02-25 00:00:00,2022-12-31 00:00:00
"""Борогум"" ООО",RUB,3069000,3069000,3069000,0,118 Б,2022-08-26 00:00:00,2022-12-31 00:00:00
"""Борогум"" ООО",RUB,1915090,1915090,1915090,0,118Б,2019-04-15 00:00:00,2019-12-31 00:00:00
"""Борогум"" ООО",RUB,137980,137980,137980,0,124Б,2019-05-15 00:00:00,2019-12-31 00:00:00
"""Борогум"" ООО",RUB,2061900,2061900,2061900,0,126 Б,2020-03-27 00:00:00,2020-12-31 00:00:00
"""Борогум"" ООО",RUB,480000,480000,480000,0,229Б,2019-08-02 00:00:00,2019-12-31 00:00:00
"""Борогум"" ООО",RUB,960000,960000,960000,0,230Б,2019-08-29 00:00:00,2019-12-31 00:00:00
"""Борогум"" ООО",RUB,1565140,1565140,1565140,0,контракт 92Б,2021-02-25 00:00:00,2021-12-31 00:00:00
"""Борогум"" ООО",RUB,167850,167850,167850,0,контракт 95,2021-03-30 00:00:00,2021-12-31 00:00:00
"Agritecno Fertilizantes, S.L.",EUR,147033,147033,147033,0,AT 1,2022-01-11 00:00:00,2022-12-31 00:00:00
"Agritecno Fertilizantes, S.L.",EUR,158402,158402,158402,0,AT 2,2022-01-18 00:00:00,2022-12-31 00:00:00
"Agritecno Fertilizantes, S.L.",EUR,128920,128920,128920,0,AT 3,2022-02-03 00:00:00,2022-12-05 00:00:00
"Agritecno Fertilizantes, S.L.",EUR,156289,156289,156289,0,AT 4,2022-02-04 00:00:00,2022-12-05 00:00:00
"Agritecno Fertilizantes, S.L.",EUR,74252,74252,74252,0,АТ 7,2022-03-09 00:00:00,2022-12-31 00:00:00
"Agritecno Fertilizantes, S.L.",EUR,34560,34560,34560,0,АТ8,2022-05-02 00:00:00,2022-12-31 00:00:00
AGRORESOURCE,EUR,38806.25,38806.25,38806.25,0,0185/20/05-21,2021-05-28 00:00:00,2021-12-31 00:00:00
"Alem Agro Trade"" ТОО",KZT,116000,116000,116000,0,"",2019-08-26 00:00:00,2019-12-31 00:00:00
"Alem Agro Trade"" ТОО",KZT,47209139.70999999,47209139.70999999,47209139.70999999,0,"",2019-10-18 00:00:00,2019-12-31 00:00:00
"Alem Agro Trade"" ТОО",KZT,45517606.25,45517606.25,45517606.25,0,42 от 24.04(Тараз фортуна),2020-04-24 00:00:00,2020-12-31 00:00:00
BASF SE,EUR,763987.4,763987.4,763987.4,0,19/02/14 KAS,2019-02-14 00:00:00,2019-12-31 00:00:00
KWS SRBIJA DOO,EUR,120629,120629,120629,0,01/2022/KZ/RS,2022-01-20 00:00:00,2022-12-31 00:00:00
KWS SRBIJA DOO,EUR,66000,66000,66000,0,04/2022/KZ/RS,2022-03-24 00:00:00,2022-12-31 00:00:00
LLC Alem Agro KG (ОсОО Алем Агро Кей Джи),EUR,115000,112700,112700,0,0200/20/01-21,2021-03-15 00:00:00,2021-12-31 00:00:00
LLC Alem Agro KG (ОсОО Алем Агро Кей Джи),EUR,21300,21300,21300,0,0728/20/05-22,2022-05-26 00:00:00,2022-12-31 00:00:00
LLC Alem Agro KG (ОсОО Алем Агро Кей Джи),KZT,3900000,3900000,3900000,0,0013/20/07-20,2020-07-17 00:00:00,2020-12-31 00:00:00
LLC Alem Agro KG (ОсОО Алем Агро Кей Джи),KZT,11304000,11304000,11304000,0,0112/20/01-21,2021-01-11 00:00:00,2021-12-31 00:00:00
LLC Alem Agro KG (ОсОО Алем Агро Кей Джи),KZT,50920700,50920700,50920700,0,01-2201/2020,2020-01-22 00:00:00,2020-12-31 00:00:00
LLC Alem Agro KG (ОсОО Алем Агро Кей Джи),KZT,3355000,3355000,3355000,0,0127/20/01-21,2021-01-28 00:00:00,2021-12-31 00:00:00
LLC Alem Agro KG (ОсОО Алем Агро Кей Джи),KZT,9581200,9581200,9581200,0,0210/20/40-21,2021-05-06 00:00:00,2021-12-31 00:00:00
LLC Alem Agro KG (ОсОО Алем Агро Кей Джи),KZT,9700000,9700000,9700000,0,0231/20/03-21,2021-03-31 00:00:00,2021-12-31 00:00:00
LLC Alem Agro KG (ОсОО Алем Агро Кей Джи),KZT,1233750,1233750,1233750,0,0240/20/03-21,2021-04-06 00:00:00,2021-12-31 00:00:00
LLC Alem Agro KG (ОсОО Алем Агро Кей Джи),KZT,6750000,6750000,6750000,0,0273/20/04-21,2021-04-19 00:00:00,2021-12-31 00:00:00
LLC Alem Agro KG (ОсОО Алем Агро Кей Джи),KZT,6020000,6020000,6020000,0,0430/20/05-21,2021-05-14 00:00:00,2021-12-31 00:00:00
LLC Alem Agro KG (ОсОО Алем Агро Кей Джи),KZT,23058000,23058000,23058000,0,0736/20/08-21,2021-08-20 00:00:00,2021-12-31 00:00:00
LLC Alem Agro KG (ОсОО Алем Агро Кей Джи),USD,9200,9200,9200,0,0343/20/03-22,2022-03-31 00:00:00,2022-12-31 00:00:00
Ozaltin Tarim Isletmeleri San ve Tic A. S.,USD,46000,46000,46000,0,С2019CSUNC001,2019-03-04 00:00:00,2019-12-31 00:00:00
Truechem International Company,USD,4450,4450,4450,0,20NRX1490840,2020-05-12 00:00:00,2020-12-31 00:00:00
Truechem International Company,USD,888576,888576,888576,0,QA2021-11/2,2021-11-23 00:00:00,2022-12-31 00:00:00
"TRUSTCHEM CO., LTD",USD,437560,437560,437560,0,AA2020-04/1,2020-04-07 00:00:00,2020-12-31 00:00:00
"TRUSTCHEM CO., LTD",USD,588672,588672,588672,0,QA2020-11/2,2020-12-07 00:00:00,2021-12-31 00:00:00
"TRUSTCHEM CO., LTD",USD,113340,113340,113340,0,QA2020-12/1,2020-12-28 00:00:00,2021-12-31 00:00:00
"TRUSTCHEM CO., LTD",USD,240304,240304,240304,0,QA2020-12/2,2020-12-09 00:00:00,2021-12-31 00:00:00
"TRUSTCHEM CO., LTD",USD,222705,222705,222705,0,QA2021-02/2,2021-03-04 00:00:00,2021-12-31 00:00:00
"TRUSTCHEM CO., LTD",USD,209000,209000,209000,0,QA2021-03/1,2021-03-11 00:00:00,2021-12-31 00:00:00
"TRUSTCHEM CO., LTD",USD,888576,888576,888576,0,QA2021-11/1,2021-11-23 00:00:00,2022-12-31 00:00:00
Valagro S.p.a.,EUR,77870.94,77870.94,77870.94,0,135/EF,2021-06-03 00:00:00,2021-12-31 00:00:00
Valagro S.p.a.,EUR,42058.24,42058.24,42058.24,0,139/EF,2021-06-09 00:00:00,2021-12-31 00:00:00
Valagro S.p.a.,EUR,59364,59364,59364,0,184/EF,2021-07-21 00:00:00,2021-12-31 00:00:00
Valagro S.p.a.,EUR,83715.36,83715.36,83715.36,0,204,2021-10-08 00:00:00,2022-12-31 00:00:00
Valagro S.p.a.,EUR,90187.32,90187.32,90187.32,0,207/2020-07,2020-03-26 00:00:00,2020-12-31 00:00:00
Valagro S.p.a.,EUR,115178.88,115178.88,115178.88,0,209/2020-07,2020-03-26 00:00:00,2020-12-31 00:00:00
Valagro S.p.a.,EUR,82072,82072,82072,0,212/2020-07,2020-03-27 00:00:00,2020-12-31 00:00:00
Valagro S.p.a.,EUR,143802.2,143802.2,143802.2,0,262/EF,2021-12-27 00:00:00,2022-12-30 00:00:00
Valagro S.p.a.,EUR,58815.44,58815.44,58815.44,0,309/2020-07,2020-04-10 00:00:00,2020-12-31 00:00:00
Valagro S.p.a.,EUR,72383.7,72383.7,72383.7,0,313/2020-07,2020-04-10 00:00:00,2020-12-31 00:00:00
Valagro S.p.a.,EUR,46805.46,46805.46,46805.46,0,318/2019-07,2019-05-03 00:00:00,2019-12-31 00:00:00
Valagro S.p.a.,EUR,46834.62,46834.62,46834.62,0,318/2020-07,2020-04-17 00:00:00,2020-12-31 00:00:00
Valagro S.p.a.,EUR,58188.88,58188.88,58188.88,0,327/2019-07,2019-05-06 00:00:00,2019-12-31 00:00:00
Valagro S.p.a.,EUR,53021.34,53021.34,53021.34,0,345/2020-07,2020-04-23 00:00:00,2020-12-31 00:00:00
Valagro S.p.a.,EUR,47386.56,47386.56,47386.56,0,352/2019-07,2019-05-14 00:00:00,2019-12-31 00:00:00
Valagro S.p.a.,EUR,48828.42,48828.42,48828.42,0,357/2020-07,2020-04-23 00:00:00,2020-12-31 00:00:00
Valagro S.p.a.,EUR,42455,42455,42455,0,360/2019-07,2019-05-14 00:00:00,2019-12-31 00:00:00
Valagro S.p.a.,EUR,60462.9,60462.9,60462.9,0,375/2020-07,2020-04-30 00:00:00,2020-12-31 00:00:00
Valagro S.p.a.,EUR,81964.24,81964.24,81964.24,0,378/2019-07,2019-05-21 00:00:00,2019-12-31 00:00:00
Valagro S.p.a.,EUR,65355.72,65355.72,65355.72,0,38/EF,2021-02-17 00:00:00,2021-12-31 00:00:00
Valagro S.p.a.,EUR,39264,39264,39264,0,381/2020-07,2020-05-04 00:00:00,2020-12-31 00:00:00
Valagro S.p.a.,EUR,46209.3,46209.3,46209.3,0,435/2020-07,2020-05-25 00:00:00,2020-12-31 00:00:00
Valagro S.p.a.,EUR,63364.6,63364.6,63364.6,0,441/2019-07,2019-06-12 00:00:00,2019-12-31 00:00:00
Valagro S.p.a.,EUR,48678.68,48678.68,48678.68,0,441/2020-07,2020-05-25 00:00:00,2020-12-31 00:00:00
Valagro S.p.a.,EUR,30700.8,30700.8,30700.8,0,449/2020-07,2020-06-01 00:00:00,2020-12-31 00:00:00
Valagro S.p.a.,EUR,34406.88,34406.88,34406.88,0,461/2020-07,2020-06-05 00:00:00,2020-12-31 00:00:00
Valagro S.p.a.,EUR,53356.58,53356.58,53356.58,0,478/2020-07,2020-06-15 00:00:00,2020-12-31 00:00:00
Valagro S.p.a.,EUR,63505.36,63505.36,63505.36,0,480/2019-06,2019-06-27 00:00:00,2019-12-31 00:00:00
Valagro S.p.a.,EUR,41662,41662,41662,0,480/2020-07,2020-06-15 00:00:00,2020-12-31 00:00:00
Valagro S.p.a.,EUR,37761,37761,37761,0,483/2020-07,2020-06-15 00:00:00,2020-12-31 00:00:00
Valagro S.p.a.,EUR,583216.58,583216.58,583216.58,0,5/EF,2021-01-14 00:00:00,2021-12-31 00:00:00
Valagro S.p.a.,EUR,99019.04,99019.04,99019.04,0,535/2020-07,2020-06-30 00:00:00,2020-12-31 00:00:00
Valagro S.p.a.,EUR,90549.34,90549.34,90549.34,0,551/2019-07,2019-08-01 00:00:00,2019-12-31 00:00:00
Valagro S.p.a.,EUR,55525.52,55525.52,55525.52,0,620/2019-07,2019-09-19 00:00:00,2019-12-31 00:00:00
Valagro S.p.a.,EUR,24915,24915,24915,0,622/2019-07,2019-09-19 00:00:00,2019-12-31 00:00:00
Valagro S.p.a.,EUR,163.34,163.34,163.34,0,623/2019-07,2019-09-19 00:00:00,2019-12-31 00:00:00
Valagro S.p.a.,EUR,18186.96,18186.96,18186.96,0,750/2019-07,2019-10-31 00:00:00,2019-12-31 00:00:00
Бриз Комплект ТОО,KZT,3410,3410,3410,0,№1,2019-05-22 00:00:00,2019-12-31 00:00:00
Буйский химический завод ОАО,RUB,10584700,10584700,10584700,0,017/2022,2022-02-18 00:00:00,2022-12-31 00:00:00
Буйский химический завод ОАО,RUB,2859115,2859115,2859115,0,022/2020,2020-03-17 00:00:00,2020-12-31 00:00:00
Буйский химический завод ОАО,RUB,4212000,4212000,4212000,0,026/2019,2019-02-25 00:00:00,2019-12-31 00:00:00
Буйский химический завод ОАО,RUB,2978545,2978545,2978545,0,031,2021-03-15 00:00:00,2021-12-31 00:00:00
Буйский химический завод ОАО,RUB,3081510,3081510,3081510,0,031/1,2021-03-29 00:00:00,2021-12-31 00:00:00
ВостокАгроХолдинг ТОО,KZT,44679380,,0,0,31/02-19,2019-02-11 00:00:00,2019-12-31 00:00:00
ИВАНИЦКИЙ ЕВГЕНИЙ ГЕННАДЬЕВИЧ,KZT,229150,229150,229150,0,0200/20/06-22,2022-06-29 00:00:00,2022-09-30 00:00:00
"ИП ""SHEBER""",KZT,383500,383500,383500,0,2,2019-05-16 00:00:00,2019-12-31 00:00:00
"ИП ""SHEBER""",KZT,2849000,2849000,2849000,0,3,2019-07-16 00:00:00,2019-12-31 00:00:00
"ИП ""Перепелица Александр Александрович""",KZT,235500,235500,235500,0,0197/20/06-22,2022-06-29 00:00:00,2022-09-30 00:00:00
ИП СКОБЛИКОВ ВЛАДИЛЕН МИХАЙЛОВИЧ,KZT,19580,19580,19580,0,0195/15/06-22,2022-06-29 00:00:00,2022-09-30 00:00:00
"КФХ ""Колос""",KZT,90000000,,0,0,0143/15/05-22,2022-05-18 00:00:00,2022-12-31 00:00:00
"ООО ""Аrротек Альянс""",RUB,5644800,5644800,5644800,0,77,2020-06-30 00:00:00,2020-12-31 00:00:00
"ООО ""Аrротек Альянс""",RUB,6080000,6080000,6080000,0,77/1,2020-07-23 00:00:00,2020-12-31 00:00:00
"ООО ""Агро Витязь""",RUB,1150000,1150000,1150000,0,10,2021-07-14 00:00:00,2021-12-31 00:00:00
"ООО ""Агро Витязь""",RUB,132000,132000,132000,0,15,2019-05-03 00:00:00,2019-12-31 00:00:00
"ООО ""Агротек""",RUB,26080000,26080000,26080000,0,78,2020-07-21 00:00:00,2020-12-31 00:00:00
"ООО ""Баском""",RUB,3740000,3740000,3740000,0,01-H/02/21,2021-02-04 00:00:00,2021-12-31 00:00:00
"ООО ""БДА Капитал""",RUB,740000,740000,740000,0,19/337,2019-02-25 00:00:00,2019-12-31 00:00:00
"ООО ""БИОНОВАТИК""",RUB,2830400,2830400,2830400,0,05/19-ДД Б,2019-03-28 00:00:00,2019-12-31 00:00:00
"ООО ""КВС РУС""",EUR,50400,50400,50400,0,07/00/ОР/КМ/22,2022-06-23 00:00:00,2022-12-31 00:00:00
"ООО ""КВС РУС""",EUR,525528,,0,0,82/00/КК/КМ/22,2022-01-13 00:00:00,2022-12-31 00:00:00
"ООО ""КВС РУС""",RUB,1736000,1736000,1736000,0,01/00/OP/KM/21,2020-12-30 00:00:00,2021-12-31 00:00:00
"ООО ""КВС РУС""",RUB,5705700,5705700,5705700,0,38/00/KK/KM/20,2020-02-07 00:00:00,2020-12-31 00:00:00
"ООО ""КВС РУС""",RUB,29364620,29364620,29364620,0,59/00/КК/КМ/21,2020-12-17 00:00:00,2021-12-31 00:00:00
"ООО ""Лимагрен РУ""",RUB,40332224.72,40332224.72,40332224.72,0,В-05/2022,2022-02-18 00:00:00,2022-12-31 00:00:00
"ООО ""Майзадур Семанс Кубань""",RUB,9048500,9048500,9048500,0,MAS_ALEMAGRO 06 02 20,2020-02-06 00:00:00,2020-12-31 00:00:00
"ООО ""МАС СИДС""",RUB,22596800,22596800,22596800,0,MAS_ALEMAGRO 14 12 21,2021-12-14 00:00:00,2022-12-31 00:00:00
"ООО ""Органик Парк""",RUB,7005000,7005000,7005000,0,07/21,2021-04-02 00:00:00,2021-12-31 00:00:00
"ООО ""Органик Парк""",RUB,90000,90000,90000,0,07/21 спец-ия 2,2021-04-21 00:00:00,2021-12-31 00:00:00
"ООО ""Органик Парк""",RUB,7554500,7554500,7554500,0,09/21,2021-04-19 00:00:00,2021-12-31 00:00:00
"ООО ""Органик Парк""",RUB,5100000,5100000,5100000,0,11/21,2021-05-12 00:00:00,2021-12-31 00:00:00
"ООО ""Органик Парк""",RUB,13303000,13303000,13303000,0,ОП.05/21,2021-03-25 00:00:00,2021-12-31 00:00:00
"ООО ""РАТ""",RUB,15841000,15841000,15841000,0,899/01/22,2022-01-11 00:00:00,2022-12-31 00:00:00
"ООО ""Саммит Агро""",USD,146300,146300,146300,0,006/21-РК,2021-04-09 00:00:00,2021-12-31 00:00:00
ООО НПЦ Фармбиомед,RUB,3961962.5,3961962.5,3961962.5,0,020/19 EX,2019-01-29 00:00:00,2019-12-31 00:00:00
ООО НПЦ Фармбиомед,RUB,4882325,4882325,4882325,0,055/21ЕХ,2021-12-03 00:00:00,2022-12-31 00:00:00
"Саммит Агро Интернейшнл, ЛТД",USD,34000,34000,34000,0,AARE-19-0106,2019-11-08 00:00:00,2020-06-30 00:00:00
"Саммит Агро Интернейшнл, ЛТД",USD,73000,73000,73000,0,AARE-20-0079,2020-11-19 00:00:00,2021-12-31 00:00:00
Север Интеркабель,KZT,223560,223560,223560,0,0194/20/06-22,2022-06-29 00:00:00,2022-09-30 00:00:00
"ТОО ""AGROFARM СК""",KZT,82679500,82679500,82679500,0,020,2020-04-15 00:00:00,2020-12-31 00:00:00
"ТОО ""AGROFARM СК""",KZT,33600000,33600000,33600000,0,10,2019-04-25 00:00:00,2019-12-31 00:00:00
"ТОО ""Bio Techno""",KZT,8314700,8314700,8314700,0,12/2020-BIO,2020-02-24 00:00:00,2020-12-31 00:00:00
"ТОО ""Bio Techno""",KZT,388375,388375,388375,0,71/2021-BIO,2021-06-26 00:00:00,2021-12-31 00:00:00
"ТОО ""Delta Green KZ""",KZT,40897500,,0,0,01/2020,2020-01-13 00:00:00,2020-12-31 00:00:00
"ТОО ""Delta Green KZ""",KZT,10679455,,0,0,KZ_28/2020,2020-04-01 00:00:00,2020-12-31 00:00:00
"ТОО ""GR - Агро""",KZT,50313220,50313220,50313220,0,GR/0044/ALM/20,2020-04-21 00:00:00,2020-12-31 00:00:00
"ТОО ""IMEX Group""",KZT,21737400,21737400,21737400,0,144/05-19,2019-05-22 00:00:00,2019-12-31 00:00:00
"ТОО ""IMEX Group""",KZT,3410000,3410000,3410000,0,258/07-2020,2020-07-29 00:00:00,2020-12-31 00:00:00
"ТОО ""TITAN AGRO KAZAKHSTAN""",KZT,4931850,4931850,4931850,0,2021-63-D,2021-07-12 00:00:00,2021-12-31 00:00:00
"ТОО ""Аби-Жер""",KZT,4687200,4687200,4687200,0,04-АБИ,2020-01-30 00:00:00,2020-12-31 00:00:00
"ТОО ""Аби-Жер""",KZT,1952000,,0,0,04-АБИ (приложение №3),2020-04-20 00:00:00,2020-12-31 00:00:00
"ТОО ""Аби-Жер""",KZT,2006800,2006800,2006800,0,09-АХФ,2019-03-11 00:00:00,2019-12-31 00:00:00
"ТОО ""Аби-Жер""",KZT,48789900,48789900,48789900,0,30-АХФ,2021-10-11 00:00:00,2022-12-31 00:00:00
"ТОО ""Август-Казахстан""",KZT,140341500,140341500,140341500,0, DST 0-09/2022,2021-08-09 00:00:00,2021-12-31 00:00:00
"ТОО ""Август-Казахстан""",KZT,14603440,14603440,14603440,0,DST 0 -34,2022-04-14 00:00:00,2022-12-31 00:00:00
"ТОО ""Агриматко Юг""",KZT,153588000,153588000,153588000,0,АЛМ -85,2020-04-06 00:00:00,2020-12-31 00:00:00
"ТОО ""Агриматко Юг""",KZT,6570800,6570800,6570800,0,АЛМ-12,2021-01-20 00:00:00,2021-12-31 00:00:00
"ТОО ""Агриматко Юг""",KZT,84824000,84824000,84824000,0,АЛМ-138,2019-04-30 00:00:00,2019-12-31 00:00:00
"ТОО ""Агриматко Юг""",KZT,23231250,23231250,23231250,0,АЛМ-247,2020-11-19 00:00:00,2021-12-31 00:00:00
"ТОО ""Агриматко""",KZT,18257500,18257500,18257500,0,КОК-17,2022-03-24 00:00:00,2022-12-31 00:00:00
"ТОО ""Агриматко""",KZT,13578000,13578000,13578000,0,КОК-31,2019-06-18 00:00:00,2019-12-31 00:00:00
"ТОО ""Агриматко""",KZT,116909800,116909800,116909800,0,КОК-34,2020-04-28 00:00:00,2020-12-31 00:00:00
"ТОО ""Агриматко""",KZT,243972000,243972000,243972000,0,КОК-38,2022-04-20 00:00:00,2022-12-31 00:00:00
"ТОО ""Агро-Спектр КЗ""",KZT,2206000,2206000,2206000,0,К-08/20,2020-05-12 00:00:00,2020-12-31 00:00:00
"ТОО ""Агро-Спектр КЗ""",KZT,23328000,23328000,23328000,0,К-34/21,2021-06-03 00:00:00,2021-12-31 00:00:00
"ТОО ""Агротоп""",KZT,1512000,1512000,1512000,0,47К/21,2021-05-12 00:00:00,2021-12-31 00:00:00
"ТОО ""Агрохимия""",KZT,1750000,1750000,1750000,0,16/АЛМ,2020-05-14 00:00:00,2020-12-31 00:00:00
"ТОО ""Агрохимснаб""",KZT,150000000,,0,0,0210/15/07-22,2022-07-07 00:00:00,2022-09-30 00:00:00
"ТОО ""Амангельды Есиль""",KZT,16208016,16208016,16208016,0,07/11,2019-11-07 00:00:00,2019-12-31 00:00:00
"ТОО ""Астана-Кемикалс""",KZT,922500,922500,922500,0,116,2020-06-17 00:00:00,2020-12-31 00:00:00
"ТОО ""Астана-Нан""",KZT,370000,370000,370000,0,ЮК/11/СТ,2021-03-02 00:00:00,2021-12-31 00:00:00
"ТОО ""ГАРД-Сервис Казахстан""",KZT,34840000,34840000,34840000,0,19-38,2019-04-24 00:00:00,2019-12-31 00:00:00
"ТОО ""Грин Технолоджи ЛТД""",KZT,60670000,60670000,60670000,0,ГТ-02/21,2020-12-29 00:00:00,2021-12-31 00:00:00
"ТОО ""Ер Агро-2008""",KZT,62442400,,0,0,46,2019-04-18 00:00:00,2019-12-31 00:00:00
"ТОО ""Ер Агро-2008""",KZT,13800000,13800000,13800000,0,70-Ш,2020-06-11 00:00:00,2020-12-31 00:00:00
"ТОО ""ЗЕЛЕНЫЙ ДОМ KZ""",KZT,2392000,2392000,2392000,0,0152/20/05-21,2021-05-06 00:00:00,2021-12-31 00:00:00
"ТОО ""Манай Агро""",KZT,14358384,14358384,14358384,0,2029,2020-02-21 00:00:00,2020-12-31 00:00:00
"ТОО ""Манай Агро""",KZT,2232000,2232000,2232000,0,21185,2021-04-23 00:00:00,2021-12-31 00:00:00
"ТОО ""Мивоки""",KZT,1788640,1788640,1788640,0,1505/20,2020-05-15 00:00:00,2020-12-31 00:00:00
"ТОО ""Норд-Агрохим""",KZT,27700000,27700000,27700000,0,132,2022-05-06 00:00:00,2022-12-31 00:00:00
"ТОО ""Норд-Агрохим""",KZT,35400000,35400000,35400000,0,31,2021-02-19 00:00:00,2021-12-31 00:00:00
"ТОО ""Оператор Финансовой Поддержки Сельского Хозяйства""",KZT,50428319,50428319,50428319,0,3704/02/01-19(QA201902),2019-05-15 00:00:00,2019-12-31 00:00:00
"ТОО ""Оператор Финансовой Поддержки Сельского Хозяйства""",KZT,45167616,45167616,45167616,0,QA 2020-09/1,2020-10-01 00:00:00,2021-12-31 00:00:00
"ТОО ""Оператор Финансовой Поддержки Сельского Хозяйства""",KZT,45167616,45167616,45167616,0,QA2020-09 (Эффект),2020-11-10 00:00:00,2021-12-31 00:00:00
"ТОО ""Опытное хозяйство масличных культур""",KZT,80320000,80320000,80320000,0,1/21,2021-12-21 00:00:00,2022-12-31 00:00:00
"ТОО ""Рапуль Казахстан""",KZT,18384000,18384000,18384000,0,РК-19/2022,2022-01-27 00:00:00,2022-12-31 00:00:00
"ТОО ""Рапуль Казахстан""",KZT,57133,57133,57133,0,РК-20/2020,2020-09-11 00:00:00,2020-12-31 00:00:00
"ТОО ""Ринда""",KZT,267900,267900,267900,0,1,2019-05-21 00:00:00,2019-12-31 00:00:00
"ТОО ""ХИМ-плюс""",KZT,6555000,6555000,6555000,0,14-20/28,2020-05-06 00:00:00,2020-12-31 00:00:00
"ТОО ""ЭталонАгроХим""",KZT,11138400,11138400,11138400,0,20-14,2020-05-21 00:00:00,2020-12-31 00:00:00
"ТОО ""ЭталонАгроХим""",KZT,28050000,28050000,28050000,0,21-11,2021-01-14 00:00:00,2021-12-31 00:00:00
"ТОО ""ЭталонАгроХим""",KZT,2100000,2100000,2100000,0,22-32,2022-04-11 00:00:00,2022-12-31 00:00:00
ТОО «Shans Trade Ltd.KZ» (Шанс Трейд Лтд.КЗ),KZT,24780000,24780000,24780000,0,П-2021-003,2021-03-11 00:00:00,2021-12-31 00:00:00
ТОО «ТАНДЕМ-Агро»,KZT,13355000,13355000,13355000,0,476,2019-05-22 00:00:00,2019-12-31 00:00:00
ТОО «ТАНДЕМ-Агро»,KZT,13720000,13720000,13720000,0,519,2020-04-13 00:00:00,2020-12-31 00:00:00
ТОО АГРОХИМФОС,KZT,2222000,2222000,2222000,0,54-АХФ,2021-04-22 00:00:00,2021-12-31 00:00:00
ТОО ЕВРОГЕРБИЦИДЫ,KZT,41250000,41250000,41250000,0,б/н,2021-04-27 00:00:00,2021-12-31 00:00:00
ТОО ПРИМА АГРОСОЮЗ,KZT,118500000,118500000,118500000,0,10-17,2022-01-28 00:00:00,2022-12-31 00:00:00
ТОО Сарыагаш,KZT,13758000,13758000,13758000,0,111,2021-06-07 00:00:00,2021-12-31 00:00:00
"ФХ ""Брушкевич В.Б.""",KZT,3886263,,0,0,01/15/02-19,2019-02-20 00:00:00,2019-12-31 00:00:00
ЧАСТНАЯ КОМПАНИЯ KAZSEEDS LIMITED КАЗСИДС ЛИМИТЭД,KZT,130445892,130445892,130445892,0,01/22-АА,2022-01-14 00:00:00,2022-12-31 00:00:00
ЧАСТНАЯ КОМПАНИЯ KAZSEEDS LIMITED КАЗСИДС ЛИМИТЭД,KZT,0.8,428920.09,428920.09,0,06/21-АА,2021-06-01 00:00:00,2021-12-31 00:00:00
ЧАСТНАЯ КОМПАНИЯ KAZSEEDS LIMITED КАЗСИДС ЛИМИТЭД,KZT,366024,366024,366024,0,б/д,2022-07-18 00:00:00,2022-09-30 00:00:00
ЭнергоПоставка ТОО,KZT,106310,106310,106310,0,0196/15/06-22,2022-06-29 00:00:00,2022-09-30 00:00:00
LLC Alem Agro KG (ОсОО Алем Агро Кей Джи),KZT,2743500,,,,01-06/2019,2019-06-18 00:00:00,2019-12-31 00:00:00
"ООО ""Евросем""",USD,14,,,,1502-22,2022-02-15 00:00:00,2022-12-31 00:00:00
Valagro S.p.a.,EUR,43730.84,43730.84,43731.23,-0.3900000000066939,376/2020-07,2020-04-30 00:00:00,2020-12-31 00:00:00
Maisadour semences,EUR,74500,,55.95,-55.95,MAS_ALEM_AGRO_220319,2019-03-22 00:00:00,2019-12-31 00:00:00
Valagro S.p.a.,EUR,47496.28,47406.28,47496.28,-90,125/2019-07,2019-02-25 00:00:00,2019-12-31 00:00:00
Valagro S.p.a.,EUR,23230,23140,23230,-90,126/2019-07,2019-02-25 00:00:00,2019-12-31 00:00:00
Valagro S.p.a.,EUR,22502,22412,22502,-90,128/2019-07,2019-02-25 00:00:00,2019-12-31 00:00:00
Valagro S.p.a.,EUR,21827,21737,21827,-90,129/2019-07,2019-02-25 00:00:00,2019-12-31 00:00:00
Valagro S.p.a.,EUR,30617.92,30527.92,30617.92,-90,142/2019-07,2019-03-04 00:00:00,2019-12-31 00:00:00
Valagro S.p.a.,EUR,68542.8,68452.8,68542.8,-90,166/2019-07,2019-03-14 00:00:00,2019-12-31 00:00:00
Valagro S.p.a.,EUR,72301.68,72211.68,72301.68,-90,167/2019-07,2019-03-15 00:00:00,2019-12-31 00:00:00
Valagro S.p.a.,EUR,50350.32,50260.32,50350.32,-90,184/2019-07,2019-03-19 00:00:00,2019-12-31 00:00:00
Valagro S.p.a.,EUR,55214.94,55080.48,55214.94,-134.45999999999913,335/2020-07,2020-04-23 00:00:00,2020-12-31 00:00:00
Valagro S.p.a.,EUR,52709.32,52709.32,52879.88,-170.55999999999767,115/EF,2021-05-06 00:00:00,2021-12-31 00:00:00
Valagro S.p.a.,EUR,62906.6,59737.16,62906.6,-3169.439999999995,277/2019-07,2019-04-16 00:00:00,2019-12-31 00:00:00
LLC Alem Agro KG (ОсОО Алем Агро Кей Джи),USD,50040,,8508.55,-8508.55,02-1902/2020,2020-02-19 00:00:00,2020-12-31 00:00:00
Center Media Group,KZT,12000,,12000,-12000,0151/20/05-21/1,2021-06-07 00:00:00,2021-12-31 00:00:00
НЕРЕУТСКАЯ Е.В.,KZT,420030,408030,420030,-12000,001/1,2021-05-17 00:00:00,2021-12-31 00:00:00
"Agritecno Fertilizantes, S.L.",EUR,186134,186134,198330.61,-12196.609999999986,АТ 5,2022-03-08 00:00:00,2022-12-31 00:00:00
"ИП ""SHEBER""",KZT,3259500,3240500,3259500,-19000,1,2019-04-24 00:00:00,2019-12-31 00:00:00
"ООО ""Саммит Агро""",USD,19100,,19100,-19100,001/21-РК,2021-02-10 00:00:00,2021-12-31 00:00:00
Nufarm GMBH CO KG,EUR,20800,,20800,-20800,16-21/NUF/AA,2020-12-04 00:00:00,2021-12-31 00:00:00
Center Media Group,KZT,21000,,21000,-21000,0151/20/05-21,2021-05-06 00:00:00,2021-12-31 00:00:00
Буйский химический завод ОАО,RUB,3950800,,39997.9,-39997.9,029/2019,2019-03-06 00:00:00,2019-12-31 00:00:00
"Акционерное общество ""Technodom Operator"" (Технодом Оператор)",KZT,92490,81490,126469.99,-44979.990000000005,0206/20/06-22,2022-06-30 00:00:00,2022-09-30 00:00:00
"ООО ""ALEMAGRO  ASIA""",EUR,50000,,50000,-50000,0403-22,2022-03-04 00:00:00,2022-12-31 00:00:00
"ООО ""Евросем""",USD,117671,,58835.5,-58835.5,67 630,2021-12-09 00:00:00,2022-12-31 00:00:00
ИП Абильдаева,KZT,60300,,60300,-60300,0087/20/03-21,2021-03-29 00:00:00,2021-12-31 00:00:00
I. S. E S. R. L.,EUR,65468.56,,65468.56,-65468.56,7019000508/2019,2019-03-11 00:00:00,2019-12-31 00:00:00
I. S. E S. R. L.,EUR,65468.56,,65468.56,-65468.56,7019000808 / 2019,2019-04-02 00:00:00,2019-12-31 00:00:00
UCON Tay,KZT,86500,,86500,-86500,0002/20/10-21/2,2021-06-03 00:00:00,2021-12-31 00:00:00
"TRUSTCHEM CO., LTD",USD,87360,,87360,-87360,QA 2020-09/1,2020-09-07 00:00:00,2021-12-31 00:00:00
"TRUSTCHEM CO., LTD",USD,88108.8,,88108.8,-88108.8,QA 2020-09,2020-09-03 00:00:00,2021-12-31 00:00:00
IDEAL TRADE-TEX,KZT,98230,,98230,-98230,4,2020-12-14 00:00:00,2021-12-31 00:00:00
ИП ШААД,KZT,153200,,153200,-153200,0199/20/06-22,2022-06-29 00:00:00,2022-09-30 00:00:00
"ТОО ""Агро-Хим-Лидер""",KZT,15865000,15988400,16153584.35,-165184.34999999963,5,2020-03-18 00:00:00,2020-12-31 00:00:00
"TRUSTCHEM CO., LTD",USD,171330,,171330,-171330,QA201902,2019-02-28 00:00:00,2019-12-31 00:00:00
UCON Tay,KZT,400000,,200000,-200000,0002/20/10-21/3,2021-06-11 00:00:00,2021-12-31 00:00:00
"TRUSTCHEM CO., LTD",USD,696960,373143.67,601696.72,-228553.05,QA2020-02/2,2020-02-26 00:00:00,2020-12-31 00:00:00
Nunhems Netherlands B.V.Vegetable Seeds,EUR,142766,,257042.62,-257042.62,Nunhems,2018-12-13 00:00:00,2019-12-31 00:00:00
"ТОО ""Агриматко""",KZT,16715232,16715232,16991835.66,-276603.66000000015,АЛМ - 227,2018-12-29 00:00:00,2019-12-31 00:00:00
"ООО ""Органик Парк""",RUB,13764000,18133000,18479284.89,-346284.8900000006,07/20,2020-03-18 00:00:00,2020-12-31 00:00:00
ЧАСТНАЯ КОМПАНИЯ KAZSEEDS LIMITED КАЗСИДС ЛИМИТЭД,KZT,64352400,65592107,65983862.04,-391755.0399999991,03/21-АА,2021-03-05 00:00:00,2021-12-31 00:00:00
"TRUSTCHEM CO., LTD",USD,299645,,394036.78,-394036.78,QA2020-02/1,2020-02-26 00:00:00,2020-12-31 00:00:00
ИП Агрофорс,KZT,9764823,10460463,10864205.36,-403742.3599999994,43/LL,2022-04-04 00:00:00,2022-12-31 00:00:00
"TRUSTCHEM CO., LTD",USD,436620,,436620,-436620,QA201901,2019-01-24 00:00:00,2019-12-31 00:00:00
KAZ FASAD,KZT,490000,,490000,-490000,0013/14/10-22,2021-10-05 00:00:00,2022-12-31 00:00:00
"ТОО ""Alem Agro Holding (Алем Агро Холдинг)""",KZT,495300,,495300,-495300,2,2019-05-29 00:00:00,2019-12-31 00:00:00
"ООО ""ЮгАгро-Сервис""",RUB,508000,,508000,-508000,048,2021-03-02 00:00:00,2021-12-31 00:00:00
"TRUSTCHEM CO., LTD",USD,892470,,535130.37,-535130.37,QA2021-11,2021-11-22 00:00:00,2022-12-31 00:00:00
"ТОО ""Оператор Финансовой Поддержки Сельского Хозяйства""",KZT,30577605,38771105,39321668.65,-550563.6499999985,3787/02/05-19(Delta),2019-05-17 00:00:00,2019-12-31 00:00:00
"ТОО ""Рапуль Казахстан""",KZT,216042406,215502291.15,216098577.03,-596285.8799999952,РК-08/2019,2019-02-18 00:00:00,2019-12-31 00:00:00
"ИП ""4+4 Print""",KZT,255000,,714000,-714000,0106/20/04-21/1,2021-05-11 00:00:00,2021-12-31 00:00:00
"ТОО ""Agroland""",KZT,4142060,4142060,4978656.71,-836596.71,PVL-79,2020-05-25 00:00:00,2021-06-30 00:00:00
UCON Tay,KZT,840000,,840000,-840000,0002/20/10-21/1,2021-05-18 00:00:00,2021-12-31 00:00:00
"TRUSTCHEM CO., LTD",USD,985920,,985920,-985920,QA2022-03/2,2022-03-23 00:00:00,2022-12-31 00:00:00
"""EXPLANTA"" ТОО",KZT,825000,825000,1815000,-990000,278,2021-05-06 00:00:00,2021-12-31 00:00:00
"TRUSTCHEM CO., LTD",USD,1010880,,1010880,-1010880,QA2020-11/1,2020-12-07 00:00:00,2021-12-31 00:00:00
"Alem Agro Trade"" ТОО",KZT,3999611.19,3999611.19,5080482.09,-1080870.9,"",2019-01-03 00:00:00,2019-12-31 00:00:00
ИП Оптима,KZT,1095000,,1095000,-1095000,0044/20/12-21,2020-12-08 00:00:00,2021-12-31 00:00:00
"ТОО ""Агротрейд Кокше""",KZT,636000,4539200,5699999.9,-1160799.9000000004,04/11-209,2019-11-07 00:00:00,2019-12-31 00:00:00
"ТОО ""УКРАГРОТЕХЭКСПОРТ""",KZT,9609314,9011864,10223108.95,-1211244.9499999993,08/12-21,2021-12-08 00:00:00,2022-12-31 00:00:00
ИП Агрофорс,KZT,15247556,14758056,16064047.38,-1305991.3800000008,30/LL,2021-05-04 00:00:00,2021-12-31 00:00:00
"ТОО ""Alem Agro Holding (Алем Агро Холдинг)""",KZT,1519000,,1519000,-1519000,1,2019-05-20 00:00:00,2019-12-31 00:00:00
"ООО ""Агро Витязь""",RUB,1899000,,1899000,-1899000,8,2021-05-06 00:00:00,2021-12-31 00:00:00
"ООО ""Майзадур Семанс Кубань""",RUB,14265500,12340500,14265500,-1925000,MAS_ALEMAGRO 25 02 19,2019-02-25 00:00:00,2019-12-31 00:00:00
"ТОО ""Аби-Жер""",KZT,16560400,16560400,18512390.91,-1951990.9100000001,04-АБИ (приложение №2),2020-04-10 00:00:00,2020-12-31 00:00:00
"КХ ""Элита""",KZT,25300000,23920000,25934777,-2014777,14/10-19,2019-10-14 00:00:00,2019-12-31 00:00:00
"ТОО ""ЭталонАгроХим""",KZT,6300000,6300000,8484210,-2184210,21-38,2021-04-23 00:00:00,2021-12-31 00:00:00
"ООО ""Агро Витязь""",RUB,5855000,3580000,5855000,-2275000,9,2021-05-20 00:00:00,2021-12-31 00:00:00
"ТОО ""GR - Агро""",KZT,68829442,74095162,76403915.61,-2308753.6099999994,GR/086/19,2019-03-29 00:00:00,2019-12-31 00:00:00
LLC Alem Agro KG (ОсОО Алем Агро Кей Джи),KZT,25000200,12112500,14534991.28,-2422491.2799999993,06-03/2019,2019-03-06 00:00:00,2021-12-31 00:00:00
"ТОО ""Оператор Финансовой Поддержки Сельского Хозяйства""",KZT,150750272,150750272,153281067.57,-2530795.569999993,QA2020-02/1,2020-05-19 00:00:00,2020-12-31 00:00:00
LLC Alem Agro KG (ОсОО Алем Агро Кей Джи),KZT,9690000,9690000,12238198.68,-2548198.6799999997,02-05/2019,2019-05-02 00:00:00,2019-12-31 00:00:00
"ТОО ""Национальная агрохимическая компания""",KZT,26397000,23373000,26397000,-3024000,0301-00363/21,2021-08-10 00:00:00,2021-12-31 00:00:00
LLC Alem Agro KG (ОсОО Алем Агро Кей Джи),KZT,9557000,5800000,9557000,-3757000,0026/20/10-21,2020-10-29 00:00:00,2021-12-31 00:00:00
"ТОО ""Оператор Финансовой Поддержки Сельского Хозяйства""",KZT,33455616,33455616,37499998.51,-4044382.509999998,I. S. E S. R. L. №: 7019000508/2019  от 11.03.2019,2019-01-01 00:00:00,2019-12-31 00:00:00
Дюсенов Жан Маратович ИП,KZT,5768000,,5768000,-5768000,0015/03/02-22,2022-03-02 00:00:00,2022-12-31 00:00:00
ИП E.TECHNOLOGY,KZT,6526600,,6526600,-6526600,0204/20/06-22,2022-06-30 00:00:00,2022-09-30 00:00:00
"ТОО ""Оператор Финансовой Поддержки Сельского Хозяйства""",KZT,29580000,29580000,40977469.8,-11397469.799999997,3786/02/05-19(Imex),2019-05-29 00:00:00,2019-12-31 00:00:00
"ТОО ""Оператор Финансовой Поддержки Сельского Хозяйства""",KZT,55218000,55218000,67699973.68,-12481973.680000007,3700/02/05-19(Агриматко Юг),2019-05-20 00:00:00,2019-12-31 00:00:00
"""Monterra LTD"" ТОО",KZT,53214080,,13303520,-13303520,MON/2022-08,2022-06-22 00:00:00,2022-09-30 00:00:00
LLC Alem Agro KG (ОсОО Алем Агро Кей Джи),KZT,17816000,17816000,32415998.21,-14599998.21,0431/20/10/-21,2021-05-14 00:00:00,2021-12-31 00:00:00
"ТОО ""Оператор Финансовой Поддержки Сельского Хозяйства""",KZT,59800000,59800000,78064235.6,-18264235.599999994,3701/02/05-19(Агриматко Север),2019-05-22 00:00:00,2019-12-31 00:00:00
Rekform,KZT,210000,,19203419.97,-19203419.97,без договора/1,2021-07-08 00:00:00,2021-12-31 00:00:00
"""Monterra LTD"" ТОО",KZT,46562320,8647288,27937392,-19290104,MON/2022-07,2022-06-22 00:00:00,2022-09-30 00:00:00
"ТОО ""Оператор Финансовой Поддержки Сельского Хозяйства""",KZT,49737960,43500000,70599950.47,-27099950.47,6-01( Август),2020-04-01 00:00:00,2020-12-31 00:00:00
"ТОО ""IMEX Group""",KZT,29580000,,29580000,-29580000,152/05-19,2019-05-27 00:00:00,2019-12-31 00:00:00
"ФХ ""Брушкевич В.Б.""",KZT,75000000,,30000000,-30000000,0154/15/05-22,2022-05-25 00:00:00,2022-12-31 00:00:00
"ТОО ""GRAIN RICH""",KZT,80000000,,32000000,-32000000,0231/15/08-22,2022-08-09 00:00:00,2022-09-30 00:00:00
"ТОО ""ПОЛЕ""",KZT,80000000,,32000000,-32000000,0230/20/08-22,2022-08-09 00:00:00,2022-09-30 00:00:00
"ТОО ""ГЕРМЕС АГРО""",KZT,90000000,,36000000,-36000000,3928/20/06-22,2022-06-16 00:00:00,2022-09-30 00:00:00
"ТОО ""ПОЛЕ""",KZT,90000000,,36000000,-36000000,3927/20/06-22,2022-06-16 00:00:00,2022-09-30 00:00:00
"ТОО ""Тараз Фортуна""",KZT,45517606.25,,38241025.16,-38241025.16,42,2020-04-24 00:00:00,2020-12-31 00:00:00
"ТОО ""Delta Green KZ""",KZT,50551105,,38771079.91,-38771079.91,31/2019,2019-05-17 00:00:00,2019-12-31 00:00:00
"ТОО ""GRAIN RICH""",KZT,105000000,,42000000,-42000000,0152/15/05-22,2022-05-24 00:00:00,2022-12-31 00:00:00
"ТОО ""GRAIN RICH""",KZT,105000000,,42000000,-42000000,0186/15/06-22,2022-06-22 00:00:00,2022-09-30 00:00:00
"ТОО ""Август-Казахстан""",KZT,43500000,,43500000,-43500000,6-01,2020-03-30 00:00:00,2020-12-31 00:00:00
"ТОО ""Оператор Финансовой Поддержки Сельского Хозяйства""",KZT,12451200,12451200,57751193.19,-45299993.19,0048/02/03-21 Nufarm,2021-03-04 00:00:00,2021-12-31 00:00:00
Азимова Д.С. ИП,KZT,50000001.8,,47673551.72,-47673551.72,25/2022,2022-05-16 00:00:00,2022-12-31 00:00:00
"ТОО ""БАСФ Центральная Азия""",KZT,514228056.59,572188059.96,620641382.16,-48453322.19999993,2020/21,2020-04-09 00:00:00,2020-12-31 00:00:00
ТОО ЕВРОХИМ-КАРАТАУ,KZT,49638433.12,49638433.12,98914456.04,-49276022.92000001,СРТ № 212-1976889,2021-10-08 00:00:00,2022-12-31 00:00:00
"ТОО ""Агриматко""",KZT,46000000,,49499956,-49499956,КОК-16,2019-05-17 00:00:00,2019-12-31 00:00:00
"ТОО ""Delta Green KZ""",KZT,293417340,293059575,350226751.44,-57167176.44,25/2019,2019-05-04 00:00:00,2019-12-31 00:00:00
"ТОО ""Оператор Финансовой Поддержки Сельского Хозяйства""",KZT,195125064,195125064,253599948.06,-58474884.06,2642/02/05-19(QA201901),2019-05-15 00:00:00,2019-12-31 00:00:00
"ТОО ""Байер КАЗ""",KZT,1930974112.68,1579941623.01,1638670975.4,-58729352.390000105,005-2022-STPP,2022-04-12 00:00:00,2022-12-31 00:00:00
Азимова Д.С. ИП,KZT,59999997.72,,59999997.72,-59999997.72,0168/20/06-22,2022-06-09 00:00:00,2022-12-31 00:00:00
"ТОО ""Амангельды Есиль""",KZT,150000000,,60000000,-60000000,0211/15/07-22,2022-07-07 00:00:00,2022-09-30 00:00:00
"ТОО ""Саумалкол Агро""",KZT,150000000,,60000000,-60000000,0165/20/06-22,2022-06-08 00:00:00,2022-12-31 00:00:00
"ТОО ""Ер Агро-2008""",KZT,80704000,80704000,143146379.58,-62442379.58000001,136,2019-05-21 00:00:00,2019-12-31 00:00:00
"ТОО ""КАЗАХСТАНСКАЯ ЗЕРНОВАЯ КОМПАНИЯ""",KZT,5169857.06,,64193939.34,-64193939.34,0175/20/06-22,2022-06-15 00:00:00,2022-09-30 00:00:00
"ТОО ""GR - Агро""",KZT,32793000,36869800,103054134.06,-66184334.06,GR/SZR/1/000/21,2021-03-27 00:00:00,2021-12-31 00:00:00
"ТОО ""Агриматко Юг""",KZT,69018000,,69018000,-69018000,АЛМ-166,2019-05-17 00:00:00,2019-12-31 00:00:00
"ТОО ""Август-Казахстан""",KZT,1017043455.75,621291515.56,694884770.73,-73593255.17000008,DST 0-18,2019-03-27 00:00:00,2019-12-31 00:00:00
ТОО ЕВРОХИМ-КАРАТАУ,KZT,46759283.8,46759283.8,166694134.71,-119934850.91000001,EXW № 212-2032911,2022-02-25 00:00:00,2022-12-31 00:00:00
"ТОО ""Delta Green KZ""",KZT,261140381,,197193630.21,-197193630.21,KZ_17/2020,2020-04-06 00:00:00,2020-12-31 00:00:00
"ТОО ""КАЗАХСТАНСКАЯ ЗЕРНОВАЯ КОМПАНИЯ""",KZT,275400000,,275400000,-275400000,0205/20/06-22,2022-06-30 00:00:00,2022-09-30 00:00:00
"ТОО ""БАСФ Центральная Азия""",KZT,2467296595.8,2451462474.9199996,3913561710.53,-1462099235.6100006,2020/06,2020-03-24 00:00:00,2020-12-31 00:00:00
